question,answer,sources,time_seconds
How many days can the chicken Caesar wraps be refrigerated?,The chicken Caesar wraps can be refrigerated for up to 2 days.,"Easy Roast Chicken, Chicken Caesar Wrap",16.79
What is the purpose of chilling the scones before baking?,"Chilling the scones before baking helps the butter in the dough remain solid, which results in a flaky texture.","Divorce Carrot Cake, chocolate_chip_scones",3.99
What ingredient is used to make the breading mixture 'cheesy' without cheese?,Nutritional yeast is used to make the breading mixture 'cheesy' without cheese.,"Divorce Carrot Cake, Crispy Breaded Cauliflower Nuggets, One-Pot Mac and Cheese",14.84
How many calories are in one serving of the 3-Ingredient Cajun Alfredo Pasta?,One serving of the 3-Ingredient Cajun Alfredo Pasta contains 504 calories.,"Easy Lasagna Primavera, 3-Ingredient Cajun Alfredo Pasta",3.12
What is the protein content per serving in the Easy Roast Chicken?,The protein content per serving in the Easy Roast Chicken is 37g.,"How To Make a Burger on the Stove, Easy Roast Chicken, 3-Ingredient Smoothie (5 Minutes), 3-Ingredient Cajun Alfredo Pasta",2.62
How long should the cake cool before frosting?,The cake should cool to room temperature before frosting.,"Divorce Carrot Cake, One-Bowl Lemon Snack Cake",11.47
What is the purpose of spraying aluminum foil before covering the lasagna?,The purpose of spraying aluminum foil before covering the lasagna is to prevent it from sticking to the foil during baking.,"Easy Lasagna Primavera, chocolate_chip_scones, One-Pot Mac and Cheese",3.13
At what internal temperature does the USDA recommend the chicken breast to be fully cooked?,The USDA recommends cooking chicken breast to an internal temperature of 165°F.,"Easy Roast Chicken, Easy Lasagna Primavera",3.72
Why do you press down on each patty with a spatula for 10 seconds after placing it in the skillet?,Pressing down on the patty helps to encourage browning and form a nice crust on the first side.,"How To Make a Burger on the Stove, Malted Chocolate Brownies, Crispy Breaded Cauliflower Nuggets",2.82
What is the recommended oil temperature for frying the donuts?,"Heat the oil in a large, deep, heavy-bottomed pot to 350°F.","Divorce Carrot Cake, How To Make Donuts",2.83
How can you prolong the moistness of the brownies after cooling?,Leave the brownies uncut (and slice as you enjoy) to prolong their moistness.,"Divorce Carrot Cake, Quick Blueberry Muffins, Malted Chocolate Brownies",11.07
On which day does the cake have the best flavor according to the recipe?,"The cake seems to have the best flavor on the second day, in my opinion!","Divorce Carrot Cake, One-Bowl Lemon Snack Cake",2.68
"What two oven temperatures are used to bake the muffins, and for how long at each?","The muffins are first baked at 425°F for 5 minutes, then the temperature is reduced to 375°F and they are baked for another 13 to 16 minutes.","Divorce Carrot Cake, Quick Blueberry Muffins, Malted Chocolate Brownies",4.88
